Ticker,Beta
TNVAX,1.03
TNVIX,1.03
TNVRX,1.03
TNVCX,1.03
TNMAX,0.4
TNMIX,0.4
TNMRX,0.4
TNBAX,0.92
TNBIX,0.92
TNBRX,0.92
TNBCX,0.92
ABWAX,1.06
ABWYX,1.06
ABWCX,1.06
ABWIX,1.15
ABWKX,1.07
ABWRX,1.07
WPASX,1.06
WPSGX,1.06
WPCSX,1.06
WPSIX,1.06
WPSKX,1.06
WPRSX,1.06
WPSZX,1.06
ABSZX,1.04
AUIZX,0.91
GCEAX,1.05
GCEYX,1.04
GCECX,1.04
AREAX,1.1
ARSYX,1.1
ARECX,1.1
AEEIX,1.1
ARRKX,1.11
ARRRX,1.1
CABNX,0.86
CBSYX,0.86
CBACX,0.86
CABIX,0.86
CBSKX,0.86
CBSRX,0.91
ISARX,0.86
ISCRX,0.86
ISRYX,0.86
APGZX,1.08
CBBZX,0.83
AUUAX,0.88
AUUYX,0.88
AUUCX,0.88
AUUIX,0.88
AUUKX,0.88
AUURX,0.88
QUAZX,1.1
ABPAX,1.09
ABPYX,1.08
ABPCX,1.08
APWIX,1.09
APWKX,1.11
APPRX,1.08
ATWAX,0.99
ATWYX,0.99
ATWCX,0.99
AWAAX,1.0
AWAYX,1.0
AWACX,0.99
AWAKX,1.0
AWARX,1.0
GOPAX,0.73
GOPCX,0.73
GOPSX,0.73
GOPIX,0.73
GOPRX,0.73
GEGAX,1.01
GEGCX,1.01
GLLAX,1.02
GLLCX,1.03
GWLIX,1.03
GLLSX,1.03
GWLRX,1.02
ABEMX,1.01
AEMSX,1.01
GEMRX,1.01
GIGAX,1.03
GIGCX,1.03
GIGIX,1.03
GIRRX,1.03
GIGSX,1.03
JETAX,1.13
JETIX,1.13
WVCCX,1.22
CPVCX,1.22
ABNIX,1.22
WPVAX,1.22
BJBIX,1.21
JIEIX,1.21
GSXAX,1.06
GSXCX,1.06
GSCIX,1.06
GSXIX,1.06
GNSRX,1.06
MLSAX,1.15
GGUIX,1.15
AELSX,1.15
GLSRX,1.15
GXXAX,1.04
GXXCX,1.04
GGLIX,1.04
GXXIX,1.04
AEMGX,1.09
ACAAX,1.13
ALCCX,1.13
ALARX,1.13
ACARX,1.13
ALVOX,1.13
ACAZX,1.13
SPEDX,0.41
ADOCX,0.41
ADOZX,0.41
AZEMX,0.97
ALAFX,1.12
ALCFX,1.12
ALGRX,1.12
ALZFX,1.12
ALBAX,0.89
ALBCX,0.89
AGIZX,0.89
AHSAX,0.7
AHSCX,0.7
AHSZX,0.7
ALGAX,1.19
AFGPX,1.2
ALGCX,1.19
AIGIX,1.2
ALCZX,1.2
AMGOX,1.06
ALMRX,1.06
AGIRX,1.06
SPEGX,1.16
AGFCX,1.16
AGIFX,1.16
AOFAX,1.0
AOFCX,1.0
AOFIX,1.0
AGOZX,1.0
ALSAX,1.05
ALSCX,1.05
AGSCX,1.04
AASOX,1.05
ALSRX,1.03
ASIRX,1.03
ASCZX,1.05
SPECX,1.13
ASPCX,1.13
ASPIX,1.13
ASPZX,1.13
ALMAX,1.14
ALMCX,1.14
ASIMX,1.14
ASMZX,1.14
WABIX,0.49
WARRX,0.49
CBEAX,0.89
CBLLX,0.89
CBECX,0.88
CBLSX,0.89
CBMAX,0.92
CBMIX,0.92
CBMCX,0.92
CBMSX,0.92
WSCOX,1.02
EVSRX,0.98
STAEX,1.14
WECDX,1.14
WECCX,1.14
WFCIX,1.14
SENAX,1.22
SEPKX,1.22
WENCX,1.22
WFEIX,1.22
WENRX,1.22
EGWDX,1.11
EGWCX,1.11
EGWAX,1.11
EGRYX,1.11
WFDAX,1.18
WFDDX,1.18
WDSCX,1.18
WFDSX,1.18
WFDRX,1.18
WEMAX,1.1
WFGDX,1.1
WEMCX,1.1
WEMIX,1.1
EQIAX,0.98
EQIDX,0.98
EQICX,0.98
EQIIX,0.98
EQIRX,0.98
EMGAX,0.95
EMGYX,0.96
EMGCX,0.95
EMGNX,0.95
EMGDX,0.96
SGRAX,1.11
SGRKX,1.12
WFGBX,1.03
NVGBX,1.03
WFGWX,1.03
WGFCX,1.12
SGRNX,1.12
SGRHX,1.12
EKHIX,0.86
WFILX,1.0
WFIOX,1.0
SFAAX,0.99
WFAIX,0.99
WFALX,0.99
WFINX,1.0
WFEHX,1.01
EGOAX,1.01
WFLLX,1.01
EGOCX,1.01
EGOIX,1.01
EGORX,1.02
STAFX,1.1
STDFX,1.1
STOFX,1.1
STNFX,1.1
STFFX,1.1
WLCAX,0.88
WWIDX,0.88
WFLVX,0.88
WLCIX,0.88
EKWAX,0.93
EKWDX,0.93
EKWCX,0.93
EKWYX,0.93
EKJAX,1.1
WFPDX,1.1
EKJCX,1.1
EKJYX,1.1
EKJFX,1.1
IPBAX,0.89
IPBIX,0.88
IPBCX,0.88
WFSMX,0.98
WFSDX,0.98
WSCDX,0.98
WFSSX,0.98
WFSAX,0.94
NVSCX,0.95
WSMCX,0.94
WSCGX,0.95
WSCRX,0.94
SCVAX,0.96
SCVIX,0.96
SCVFX,0.96
SCVNX,0.96
EIVAX,0.87
EIVDX,0.87
EIVCX,0.87
EIVIX,0.87
EIVFX,0.87
WFPRX,0.87
ESPRX,0.93
WCCFX,0.54
EVUAX,0.76
EVUDX,0.76
EVUCX,0.76
EVUYX,0.76
ABFAX,1.02
ABLSX,1.02
ABCCX,1.02
AABPX,1.02
AADBX,1.02
ACBYX,1.02
AIEAX,1.05
AAISX,1.05
AILCX,1.05
ABEYX,1.05
ALVCX,0.91
ABCAX,0.87
ABECX,0.87
ABCVX,0.87
ABCIX,0.87
ABCYX,0.87
AMRAX,1.06
AMRBX,1.08
AMRCX,1.07
AMRGX,1.06
APCTX,0.95
APINX,0.95
MSSCX,1.08
MSSVX,1.08
MSSYX,1.08
TLESX,1.06
TLEVX,1.05
TLEIX,1.05
TYWSX,0.99
TYWVX,0.99
TYWIX,0.99
MBESX,1.08
MBEAX,1.08
MBEYX,1.08
MECIX,1.01
MECAX,1.01
SKSEX,0.97
GWGIX,0.98
ACWIX,1.01
ACWDX,1.01
MCGIX,1.07
MCGFX,1.07
MRLSX,0.96
MRLTX,0.96
MRLIX,0.96
ARIDX,0.76
ARDEX,0.76
MEQFX,0.86
FQUAX,0.86
ARIMX,0.86
ARSMX,0.86
ARSIX,0.79
ARSVX,0.79
TCMPX,1.01
TCMIX,1.01
TMDPX,0.96
TMDIX,0.96
TSCPX,0.99
TSCIX,0.99
MFQTX,0.9
MFQAX,0.9
APPIX,0.88
PLSTX,0.91
PLCNX,0.91
PLSRX,0.92
PLSFX,0.91
GBLMX,-0.01
STARX,0.78
AUERX,0.96
AVEFX,0.39
AVEDX,0.92
AVEMX,0.88
AVEWX,1.1
BFSAX,0.8
BLSIX,1.0
BLSAX,1.0
BLSCX,1.0
MALVX,0.87
MDLVX,0.87
MCLVX,0.86
MRLVX,0.87
BDSIX,1.01
BDSAX,1.01
BDSCX,1.01
MBVKX,0.88
BIREX,1.14
BAREX,1.13
BCREX,1.14
MAPCX,0.98
MDPCX,0.98
MRPCX,0.98
BCGDX,0.8
DNLDX,1.02
DNLCX,1.02
DNLRX,1.02
DNLYX,1.02
DGAGX,1.03
DGYGX,1.03
MIBLX,1.02
MPBLX,1.02
DRLAX,1.1
DGBCX,1.1
DRLIX,1.1
DRLYX,1.11
DFPAX,1.04
DFPCX,1.03
DFPIX,1.03
DAGVX,0.82
DCGVX,0.82
DRGVX,0.82
DRGYX,0.82
DQIAX,0.89
DQICX,0.89
DQIRX,0.89
DQIYX,0.89
DGEAX,0.94
DGECX,0.94
DGIEX,0.94
DGEYX,0.94
DGLAX,1.06
DGLCX,1.06
DGLRX,1.07
DGLYX,1.07
MIISX,0.75
MPISX,0.76
DIEAX,1.02
DIECX,1.02
DIERX,1.02
DIEYX,1.02
NIEAX,1.06
NIECX,1.06
SNIEX,1.06
NIEYX,1.06
MIINX,1.02
MPITX,1.02
DISAX,1.06
DISCX,1.06
DISRX,1.06
DISYX,1.06
DLQAX,0.98
DEYCX,0.98
DLQIX,0.98
DREVX,1.05
MIMSX,1.01
MPMCX,1.02
DNLAX,0.97
DLDCX,0.97
DLDRX,0.97
DLDYX,0.97
DMCVX,0.87
DVLCX,0.87
DVLIX,0.87
DMCYX,0.87
DWOAX,1.23
DWOCX,1.23
DWOIX,1.23
DRYQX,1.23
DREQX,1.23
DSGAX,0.96
DSGCX,0.96
DSGIX,0.96
DSGYX,0.96
STSVX,0.89
MISCX,0.97
MPSSX,0.98
DTCAX,1.0
DTCCX,1.0
DRTCX,1.0
DRTHX,1.0
DTMGX,1.01
DPTAX,1.01
DPTRX,1.01
DTGRX,1.38
DTGCX,1.38
DGVRX,1.38
DPUAX,1.06
DPUCX,1.06
DPUIX,1.06
DPUYX,1.06
PGROX,1.07
PGRCX,1.07
DPWRX,1.07
DPRIX,1.07
BTSMX,0.94
WIEFX,0.92
WAMFX,0.96
WASMX,0.94
CADVX,0.97
CCDVX,0.96
CIDVX,0.96
CNWGX,0.93
CNWDX,0.93
CNWIX,0.93
CAGEX,1.07
CCGEX,1.07
CIGEX,1.07
CVGRX,1.11
CVGCX,1.11
CGRIX,1.11
CAHEX,0.55
CCHEX,0.55
CIHEX,0.55
CIGRX,1.1
CIGCX,1.1
CIGIX,1.1
CVAAX,0.97
CVACX,0.97
CVAIX,0.97
CAMYX,1.0
CAMIX,1.0
CAMWX,0.88
CAMOX,0.88
CAMZX,0.85
CAMSX,0.85
CAMUX,0.86
CAMMX,0.86
COHOX,0.77
LACAX,1.13
CEARX,1.13
LIACX,1.13
CAEAX,1.43
CLOFX,1.43
CAECX,1.43
CAEZX,1.43
CAEEX,1.43
ACRNX,1.13
CRBRX,1.13
CRBYX,1.13
LAIAX,1.3
CCIRX,1.3
LAICX,1.3
ACINX,1.3
CAIRX,1.3
CCYIX,1.3
CACRX,1.3
LAFAX,1.37
CILRX,1.37
LFFCX,1.37
ACFFX,1.37
CRIRX,1.37
CSIRX,1.37
CBLAX,1.01
CBDRX,1.01
CBLCX,1.01
CBALX,1.01
CLREX,1.01
CBDYX,1.01
CBLRX,1.01
NBIAX,1.08
CGBRX,1.07
NBICX,1.08
NBGPX,1.08
CLHRX,1.08
CPHNX,1.08
CLBRX,1.08
CGGTX,1.08
CHWRX,0.81
CLRRX,0.81
CPDGX,0.81
AXBAX,1.2
CPDAX,1.2
RBGCX,1.21
CPAZX,1.2
CPANX,1.2
CPDIX,1.2
CPARX,1.2
ABDAX,0.64
CPCYX,0.64
RPCCX,0.64
CBVZX,0.64
CPAOX,0.64
CPDHX,0.64
CBVRX,0.64
ABUAX,0.95
CPCZX,0.95
AMTCX,0.95
CBMZX,0.95
CPAMX,0.95
CPDMX,0.95
CBMRX,0.95
LCCAX,0.97
CORRX,0.97
LCCCX,0.97
SMGIX,0.98
COFRX,0.97
COFYX,0.97
CCCRX,0.97
SGIEX,0.97
AQEAX,0.99
CLCQX,0.99
RDCEX,0.99
CCRZX,0.99
RSIPX,0.99
CCQYX,0.99
CLQRX,0.99
RDLAX,1.11
CGQFX,1.11
RDLCX,1.11
CLQZX,1.11
CQURX,1.11
CGQYX,1.11
CGQRX,1.11
RLCAX,0.85
COLEX,0.86
RDCCX,0.86
CVQZX,0.86
COLVX,0.86
COLYX,0.86
RLCOX,0.86
CVQTX,0.86
LBSAX,0.8
CVIRX,0.8
LBSCX,0.8
GSFTX,0.8
CDDRX,0.8
CDDYX,0.8
CDIRX,0.8
GEQAX,0.8
INUTX,0.76
CDORX,0.76
ACUIX,0.76
CDOZX,0.76
RSDFX,0.76
CDOYX,0.76
RSOOX,0.76
CEMHX,1.06
CEKRX,1.06
CEKYX,1.06
CFIAX,0.93
CFCRX,0.92
CFIGX,0.92
CFIZX,0.93
CFXRX,0.92
CFIRX,0.93
IMRFX,1.05
CSDRX,1.05
RSSCX,1.05
CSAZX,1.05
CLNRX,1.05
CSARX,1.05
CTCAX,1.28
CTYRX,1.29
CTHCX,1.28
CMTFX,1.28
CTHRX,1.29
IEVAX,0.86
RSEVX,0.86
REVCX,0.86
CEVZX,0.86
RSEYX,0.85
CEVYX,0.86
REVRX,0.86
NGCAX,1.1
CGCHX,1.1
NGCCX,1.1
LNGZX,1.1
CGCRX,1.1
CGOLX,1.06
CADPX,1.06
CSGRX,1.06
NMIAX,0.97
CECFX,0.97
NMIMX,0.97
CLNCX,0.97
CECYX,0.97
CCERX,0.97
LEGAX,1.12
CCGRX,1.13
LEGCX,1.13
CLGEX,1.12
GEGTX,1.13
CLWFX,1.13
CGFYX,1.13
NFEAX,1.1
CSFRX,1.1
NFECX,1.09
NFEPX,1.1
CADRX,1.1
CGWRX,1.13
GAEGX,1.13
NEIAX,1.0
NINDX,1.0
CLXRX,1.0
INDZX,0.83
RDERX,0.83
ADECX,0.83
CDVZX,0.83
RSEDX,0.83
CDEYX,0.83
RDEIX,0.83
NTIAX,1.04
NMPAX,1.04
CPXRX,1.04
COAVX,0.94
COSVX,0.94
COCVX,0.94
COSSX,0.94
COSYX,0.94
PISQX,0.81
PISDX,0.81
CRERX,1.16
IGLGX,1.12
RGCEX,1.12
CGEZX,1.12
RGERX,1.12
CGERX,1.12
NSGAX,0.99
NSGCX,0.99
NSEPX,0.99
CLCRX,0.99
ELGAX,1.2
CSRRX,1.2
ELGCX,1.2
UMLGX,1.2
CGTRX,1.2
CCWRX,1.2
URLGX,1.2
CSRYX,0.81
CBSAX,1.18
CPGRX,1.18
CMCCX,1.18
CLSPX,1.18
CMGVX,1.18
CMGYX,1.18
CMGRX,1.18
CBSTX,1.18
CMUAX,1.0
CFDRX,1.0
CMUCX,1.0
NAMAX,1.0
CVERX,1.0
CMVYX,1.0
CMVRX,1.0
CSSYX,1.01
SHGTX,1.36
CCHRX,1.36
SHTCX,1.36
CSGZX,1.36
SGTTX,1.36
SGTRX,1.36
SLMCX,1.34
SCIOX,1.34
SCICX,1.34
CCIZX,1.34
SCMIX,1.34
SCIRX,1.34
NMSAX,0.99
NMSCX,0.99
CXXRX,0.99
CVVRX,0.97
CUURX,0.97
COVAX,0.97
CLURX,0.97
COVCX,0.96
NSVAX,0.97
CRRRX,0.97
CRRYX,0.97
CCTRX,0.97
CTFAX,0.68
CTORX,0.68
CTFDX,0.68
COTZX,0.69
CQTRX,0.68
CYYYX,0.68
CFGRX,1.08
CFAGX,1.0
CCALX,0.97
CCASX,0.97
CCSGX,1.08
CCSMX,1.08
IMIDX,1.05
CMIDX,1.05
CDIVX,1.01
COPLX,0.78
CDOFX,0.94
GRSPX,0.77
DAVPX,1.0
DEOPX,1.07
DSCPX,0.95
DVIPX,0.88
DALCX,0.79
DASCX,0.7
DLHAX,0.56
DLHCX,0.56
DLHIX,0.56
DLRHX,0.56
DEGIX,0.91
DEGCX,0.91
DEQIX,0.91
DIVRX,0.91
DDVAX,0.73
DDVCX,0.73
DDVIX,0.73
DDVRX,0.73
DFRSX,1.14
DFEMX,0.98
DFETX,0.98
DFIEX,1.05
DILRX,1.07
DISMX,1.14
DISVX,1.03
DSCLX,1.1
DFIVX,1.0
DFVIX,1.0
DFSPX,1.08
DFALX,1.04
DFUKX,1.32
DUSQX,0.98
DHLRX,0.95
DHLAX,0.95
DHLYX,0.95
DHLSX,0.61
DIAMX,0.61
DIAYX,0.61
DHPIX,0.94
DHPAX,0.94
DHPYX,0.94
DHLTX,1.12
DHTAX,1.12
DHTYX,1.12
DHMIX,0.95
DHMAX,0.95
DHMYX,0.95
DHSIX,0.97
DHSCX,0.97
DHSYX,0.97
DREGX,0.85
DMCRX,1.01
DAAVX,0.54
DCAVX,0.54
DNAVX,0.54
SDGZX,1.12
SUWZX,0.98
KDHTX,0.63
DESUX,1.01
DURAX,1.06
DURCX,1.06
DURIX,1.06
DURSX,1.06
KTRZX,1.0
KGDZX,1.18
SLARX,0.95
TOLZX,0.93
RRRZX,1.11
SSDZX,0.95
JDAEX,0.45
JDCEX,0.45
JDIEX,0.45
EAALX,1.0
EAGCX,0.99
EILGX,1.0
ESEAX,0.93
ESECX,0.93
ESEIX,0.93
EACOX,0.83
EICOX,0.83
EAFGX,1.16
ECFGX,1.16
EIFGX,1.16
EAFVX,0.82
ECFVX,0.83
EIFVX,0.83
EVCGX,1.08
ECCGX,1.08
EICGX,1.08
EARAX,0.78
ECRAX,0.78
EIRAX,0.78
EGLBX,1.12
EWMCX,1.05
FFAVX,0.57
FCFVX,0.58
FFIVX,0.58
FFTVX,0.58
FACFX,0.7
FCFCX,0.69
FCIFX,0.7
FCFTX,0.69
FFVAX,0.81
FFVCX,0.81
FFVIX,0.81
FFVTX,0.81
FDAFX,0.93
FDCFX,0.93
FDIFX,0.93
FDTFX,0.93
FATWX,1.0
FCTWX,1.0
FITWX,1.0
FTTWX,1.0
FAFEX,1.06
FCFEX,1.06
FEFIX,1.06
FTFEX,1.06
FATHX,1.17
FCTHX,1.18
FITHX,1.18
FTTHX,1.18
FAFFX,1.29
FCFFX,1.29
FIFFX,1.29
FTFFX,1.29
FFFZX,1.3
FFFJX,1.3
FFFIX,1.3
FFFTX,1.3
FFFLX,1.3
FFFYX,1.3
FFFPX,1.3
FFFQX,1.31
FHFAX,1.3
FHFCX,1.3
FHFIX,1.3
FHFTX,1.3
FDKPX,1.31
FDKSX,1.3
FDKQX,1.3
FDKTX,1.3
FAFAX,0.55
FCAFX,0.56
FIAFX,0.55
FTAFX,0.55
FBTAX,0.48
FBTCX,0.48
FBTIX,0.48
FBTTX,0.48
FACNX,0.94
FCCNX,0.94
FICCX,0.94
FTCNX,0.93
FHKAX,1.1
FCHKX,1.1
FHKIX,1.1
FHKTX,1.1
FDAGX,0.67
FDCGX,0.67
FDIGX,0.67
FDTGX,0.67
FZACX,0.96
FADAX,0.88
FDGCX,0.88
FDGIX,0.88
FDGTX,0.88
FZADX,0.88
FEAAX,1.04
FERCX,1.04
FERIX,1.04
FEATX,1.04
FAVAX,0.73
FAVCX,0.73
FAIVX,0.73
FAVTX,0.73
FHJUX,1.06
FHJTX,1.06
FHJMX,1.06
FHJVX,1.06
FZAEX,1.07
FFGAX,0.97
FCGCX,0.97
FFGIX,0.97
FFGTX,0.97
FBLYX,0.85
FGTNX,0.85
FBUSX,0.85
FGABX,0.85
FGDAX,1.0
FGDCX,1.0
FGDIX,1.0
FGDTX,1.0
FAGAX,1.19
FACGX,1.19
FAGCX,1.19
FAGOX,1.19
FZAHX,1.19
FACDX,0.76
FHCCX,0.76
FHCIX,0.76
FACTX,0.76
FCLAX,1.11
FCLCX,1.11
FCLIX,1.11
FCLTX,1.11
FZAIX,1.04
FZAJX,1.11
FIVMX,1.0
FIVOX,1.0
FIVQX,1.0
FIVPX,1.0
FCPAX,1.14
FCPCX,1.14
FCPIX,1.15
FIATX,1.14
FIRAX,0.91
FIRCX,0.91
FIRIX,0.92
FIRTX,0.91
FPJAX,0.93
FJPCX,0.93
FJPIX,0.93
FJPTX,0.93
FLFAX,0.98
FLFCX,0.98
FLFIX,0.98
FLFTX,0.98
FRQAX,0.6
FRQIX,0.6
FARSX,0.69
FRASX,0.69
FARVX,0.78
FIIVX,0.78
FARFX,0.86
FIRFX,0.87
FRAMX,0.56
FRIMX,0.56
FMFAX,1.25
FMFCX,1.25
FMFEX,1.25
FMFTX,1.25
FZALX,0.98
FZAMX,1.0
FMPAX,1.06
FMPEX,1.06
FMPOX,1.06
FMPTX,1.06
FZANX,0.99
FAOAX,1.12
FAOCX,1.12
FAOIX,1.12
FAERX,1.12
FHEAX,1.17
FHECX,1.17
FHEIX,1.18
FHETX,1.18
FELAX,1.71
FELCX,1.71
FELIX,1.71
FELTX,1.71
FMAMX,0.99
FLACX,0.99
FBRNX,1.0
FSSKX,0.99
FSJHX,0.99
FZAPX,0.99
FSOAX,1.07
FVCSX,1.07
FASOX,1.07
FVSKX,1.07
FASPX,1.07
FDEEX,1.3
FDKVX,1.3
FFGFX,0.56
FJIFX,0.55
FFWTX,0.67
FKIFX,0.67
FIWFX,0.79
FLIFX,0.79
FIWTX,0.91
FPIFX,0.91
FFEDX,0.98
FQIFX,0.98
FFEGX,1.04
FXIFX,1.04
FFEZX,1.16
FIHFX,1.16
FFIZX,1.27
FBIFX,1.27
FFOLX,1.29
FIOFX,1.29
FFOPX,1.29
FIPFX,1.29
FFLDX,1.29
FDEWX,1.29
FFLEX,1.29
FDKLX,1.29
FFGZX,0.53
FIKFX,0.53
FIRQX,0.6
FIRSX,0.69
FIRVX,0.78
FIXRX,0.86
FIRMX,0.56
FIRRX,0.69
FIRUX,0.81
FIRWX,0.93
FIRNX,0.56
FXAIX,1.0
FBGRX,1.22
FBGKX,1.22
FICDX,0.94
FDCAX,1.0
FCAKX,1.0
FHKCX,1.1
FCNTX,1.0
FCNKX,1.0
FDGFX,0.88
FDGKX,0.88
FSEAX,1.04
FPADX,0.99
FSLEX,1.21
FIEUX,1.06
FSMAX,1.06
FTQGX,1.02
FFGCX,0.97
FGILX,0.87
FSGGX,1.03
FDGRX,1.16
FGCKX,1.16
FDSVX,1.02
FGDKX,1.02
FDEGX,1.15
FAGKX,1.15
FIVFX,1.15
FIENX,1.04
FSPSX,1.05
FIVLX,1.0
FIREX,0.92
FJPNX,0.93
FLGEX,1.05
FLATX,0.98
FMCSX,0.89
FKMCX,0.89
FMEIX,1.04
FSMDX,1.04
FSMVX,1.06
FFNOX,1.25
FNCMX,1.14
FNARX,0.92
FNORX,1.06
FPBFX,1.09
FSRNX,1.18
FRESX,1.15
FSKLX,0.71
FSUVX,0.8
FSAVX,1.24
FSRBX,1.03
FBIOX,0.53
FBMPX,1.17
FSHOX,1.2
FSCPX,1.3
FDFAX,0.67
FSENX,0.7
FIDSX,1.04
FSVLX,1.29
FSAGX,1.0
FSPHX,0.76
FSHCX,0.63
FSPCX,0.77
FDLSX,1.15
FSDPX,1.25
FSMEX,1.07
FPHAX,0.52
FSELX,1.72
FSCSX,1.15
FSPTX,1.3
FWRLX,1.05
FSAEX,1.01
FSBDX,1.2
FSGEX,1.03
FCGSX,1.14
FINVX,1.0
FIOOX,0.88
FVWSX,0.98
FBLEX,0.88
FNKLX,0.73
FDSSX,0.99
FSSMX,1.02
FIUIX,0.7
FSKAX,1.01
FTRNX,1.24
FVDFX,0.73
FVDKX,0.73
FSLSX,1.07
FBSOX,1.17
DRISX,0.97
DRSVX,0.97
FMUEX,0.95
GATEX,0.52
GTECX,0.52
GCPAX,0.66
GCPCX,0.66
GCPYX,0.65
GTEYX,0.52
GVEQX,0.97
GVMCX,0.95
SAOSX,0.31
SECIX,0.84
SEGIX,0.84
GILCX,0.84
SEGPX,0.84
RYAMX,0.61
RYISX,0.61
RYQTX,0.61
RYSRX,0.61
RYMQX,0.09
RYMRX,0.09
RYIMX,0.09
RYMSX,0.09
GURAX,1.03
GURCX,1.03
GURIX,1.03
GURPX,1.03
SSUAX,0.86
SSVCX,0.86
SSUIX,0.86
SSUPX,0.86
SEVAX,0.86
SEVSX,0.86
SVUIX,0.86
SEVPX,0.86
SEQPX,0.88
GMLVX,1.01
GILGX,0.92
GMLGX,1.01
GMSMX,1.01
GPARX,0.76
GPTCX,0.83
GPSTX,1.03
GPMIX,0.93
GPTUX,0.81
HAFAX,0.69
HAICX,0.68
HAFIX,0.68
HAFRX,0.68
HAFSX,0.69
HAFTX,0.68
HAFYX,0.69
HBLVX,0.86
HCPCX,0.92
ITHVX,0.95
HGIIX,0.94
HAITX,0.94
HIAGX,0.94
HBGIX,0.94
HDGVX,0.83
HQIVX,0.77
HGOAX,1.18
HGOCX,1.18
HGOIX,1.18
HGORX,1.18
HGOSX,1.18
HGOTX,1.18
HGOVX,1.18
HGOYX,1.18
IHOVX,1.02
HFMCX,1.06
HMDCX,1.06
HIMCX,1.06
HBMCX,1.06
HFMIX,1.06
HFMRX,1.06
HFMSX,1.06
HFMTX,1.06
HFMVX,1.06
HMVAX,0.97
HMVCX,0.97
HMVJX,0.97
HMVRX,0.97
HMVSX,0.97
HMVTX,0.97
HMVYX,0.97
HMDYX,1.06
ITTIX,0.67
HSLAX,1.0
HSLCX,1.0
HISCX,1.0
HBSGX,1.0
HSLIX,1.0
HSLRX,1.0
HSLSX,1.0
HSLTX,1.0
HSLVX,1.0
HSLYX,1.0
HSEIX,0.97
HSTAX,0.77
HIBSX,0.77
HWCAX,1.01
HWCCX,1.01
HWCIX,1.01
HWGAX,1.1
HWGIX,1.1
HWLAX,1.01
HWLCX,1.01
HWLIX,1.01
HWMAX,1.02
HWMCX,1.02
HWMIX,1.02
HWVAX,0.97
HWVIX,0.97
JRLDX,0.78
JRLHX,0.78
JRLIX,0.85
JRLLX,0.85
JRLOX,0.92
JRTAX,0.92
JRTBX,1.02
JRTFX,1.02
JRTGX,1.14
JRTJX,1.13
JRTKX,1.21
JRTNX,1.21
JRTTX,1.27
JRTWX,1.27
JRLQX,1.32
JRLVX,1.31
JRLWX,1.32
JRLZX,1.32
JLKZX,1.32
JLKYX,1.32
JIBCX,1.14
JBGAX,1.14
JBGCX,1.14
JHBCX,1.14
PZFVX,1.01
JCVCX,1.01
JCVIX,1.01
JCVSX,1.01
JCVVX,1.01
JCVWX,1.01
JVMTX,0.93
JIEMX,0.82
JHEIX,0.82
JHERX,0.82
JFCAX,1.12
JFCCX,1.12
JFCIX,1.12
JFACX,1.12
JFARX,1.12
JFAIX,1.12
JEEBX,0.84
JEEFX,0.83
JEEIX,0.84
JEEDX,0.84
JIIOX,1.34
JIIRX,1.34
JIBOX,1.04
JIBRX,1.04
JLCGX,0.69
JLCSX,0.68
JLGOX,1.19
JLGSX,1.2
JLMOX,0.87
JLMRX,0.86
JIAFX,0.69
JIAGX,0.68
JIAIX,0.69
JIASX,0.69
JLAOX,0.73
JLAAX,0.73
JHRLX,0.73
JLAEX,0.73
JLAGX,0.73
JLAHX,0.74
JLAIX,0.74
JLBOX,0.82
JLBAX,0.82
JHREX,0.82
JLBKX,0.81
JLBGX,0.82
JLBHX,0.81
JLBJX,0.82
JLDOX,0.89
JLDAX,0.9
JHRVX,0.89
JLDEX,0.89
JLDGX,0.89
JLDHX,0.89
JLDIX,0.89
JLEOX,1.01
JLEAX,1.0
JHRNX,1.0
JLEEX,1.0
JLEGX,1.0
JLEHX,1.0
JLEIX,1.01
JLFOX,1.12
JLFAX,1.12
JHRGX,1.12
JLFEX,1.12
JLFGX,1.12
JLFHX,1.12
JLFIX,1.12
JLHOX,1.21
JLHAX,1.21
JHRMX,1.21
JLHEX,1.21
JLHGX,1.21
JLHHX,1.21
JLHIX,1.21
JLIOX,1.27
JLIAX,1.27
JHRDX,1.27
JLIEX,1.27
JLIGX,1.28
JLIHX,1.27
JLIIX,1.27
JLJOX,1.32
JLJAX,1.32
JHROX,1.32
JLJEX,1.32
JLJGX,1.32
JLJHX,1.32
JLJIX,1.32
JLKOX,1.35
JLKAX,1.35
JHRPX,1.35
JLKEX,1.35
JLKGX,1.35
JLKHX,1.35
JLKRX,1.35
JLKUX,1.35
JLKLX,1.35
JHRTX,1.35
JLKNX,1.35
JLKQX,1.35
JLKSX,1.35
JLKTX,1.35
JILAX,1.33
JALAX,1.33
JCLAX,1.33
JTAIX,1.33
JQLAX,1.33
JSLAX,1.33
JTLAX,1.33
JULAX,1.33
JILBX,1.01
JHLAX,1.02
JALBX,1.02
JCLBX,1.01
JTBIX,1.01
JQLBX,1.02
JSLBX,1.02
JTSBX,1.01
JILCX,0.62
JALRX,0.62
JCLCX,0.62
JTOIX,0.62
JQLCX,0.62
JSLCX,0.62
JTLRX,0.62
JILGX,1.19
JHLGX,1.19
JALGX,1.19
JCLGX,1.19
JTGIX,1.19
JQLGX,1.19
JSLGX,1.19
JTLGX,1.19
JULGX,1.19
JILMX,0.81
JHLMX,0.82
JALMX,0.82
JCLMX,0.81
JTMIX,0.82
JQLMX,0.81
JSLMX,0.81
JTLMX,0.82
JIREX,1.12
JSFBX,0.27
JSFTX,0.27
JSFDX,0.27
JSFRX,0.27
JCCIX,0.93
JSCAX,0.89
JSCBX,0.89
JSCCX,0.89
JSGCX,1.02
JSGRX,1.02
JHSGX,1.02
JSGTX,1.02
JICPX,1.18
JHCPX,1.18
JMVNX,0.92
JEQIX,0.87
JOPPX,0.91
JFAMX,1.05
JEMCX,1.04
JEMSX,1.05
JMIEX,1.05
JEMWX,1.05
OIEIX,0.77
OINCX,0.76
HLIEX,0.77
OIEFX,0.76
OIERX,0.77
OIEJX,0.77
OGEAX,1.0
OEICX,1.0
HLEIX,1.0
JHQAX,0.5
JHQCX,0.5
JHEQX,0.5
JHQPX,0.5
JHQRX,0.5
JSEAX,1.06
JIECX,1.06
VSIEX,1.06
JIEZX,1.06
JIERX,1.06
JNEMX,1.06
IUCEX,1.04
IUESX,1.04
IUERX,1.04
IUEFX,1.04
IUENX,1.04
OGIAX,0.87
OGBCX,0.87
OIBFX,0.87
OICAX,0.67
OCGCX,0.66
ONCFX,0.67
ONGIX,1.02
ONECX,1.02
ONGFX,1.02
ONGAX,1.22
OGGCX,1.22
ONIFX,1.22
OLGAX,1.02
OLGCX,1.02
SEEGX,1.02
JLGZX,1.02
JLGRX,1.02
JLGMX,1.02
OLVAX,0.83
OLVCX,0.83
HLQVX,0.84
JLVZX,0.84
JLVRX,0.84
JLVMX,0.84
JCMAX,0.94
JMCCX,0.94
VSNGX,0.94
JMCEX,0.94
JMEEX,0.94
JPPEX,0.94
JAMCX,0.91
JCMVX,0.91
JMVSX,0.91
FLMVX,0.91
JMVZX,0.91
VSCOX,0.93
VSCCX,0.93
JDSCX,0.93
VSEAX,0.98
JSECX,0.98
VSEIX,0.98
JSEZX,0.98
JSERX,0.98
PGSGX,1.03
OSGCX,1.03
OGGFX,1.03
JISGX,1.03
JSGZX,1.03
JGSMX,1.03
JTTAX,0.74
JTTCX,0.74
JTTSX,0.74
JTTZX,0.74
JTTIX,0.74
JTTYX,0.74
JNSAX,0.87
JNSCX,0.87
JNSSX,0.87
JNSZX,0.87
JNSIX,0.87
JNSYX,0.87
JSMAX,0.99
JSMCX,0.99
JSMSX,0.99
JSMZX,0.99
JSMIX,1.0
JSMYX,1.0
SRJAX,1.1
SRJCX,1.1
SRJSX,1.1
SRJZX,1.1
SRJIX,1.1
SRJYX,1.11
SMTAX,1.19
SMTCX,1.19
SMTSX,1.19
SMTZX,1.19
SMTIX,1.19
SMTYX,1.19
JSAAX,1.26
JSACX,1.26
JSASX,1.26
JSAZX,1.26
JSAIX,1.25
JSAYX,1.26
JTSAX,1.27
JTSCX,1.27
JTSSX,1.27
JTSZX,1.27
JTSIX,1.27
JTSYX,1.27
JFFAX,1.26
JFFCX,1.27
JFFSX,1.27
JFFRX,1.27
JFFIX,1.27
JFFYX,1.27
JSSRX,0.75
JIORX,0.75
JBSRX,0.75
JSYRX,0.75
JBSSX,0.88
JBRSX,0.88
JBBSX,0.88
JBYSX,0.88
JRBEX,1.01
JRBRX,1.0
JRBBX,1.01
JRBYX,1.0
JPSRX,1.12
JPRRX,1.12
JPBRX,1.12
JPYRX,1.12
JOBEX,1.2
JOBRX,1.2
JOBBX,1.2
JOBYX,1.2
JMSSX,1.27
JNARX,1.27
JMBRX,1.27
JMYAX,1.27
JNEAX,1.28
JNNRX,1.28
JNABX,1.28
JNYAX,1.28
JPTBX,1.28
JTRBX,1.28
JTBBX,1.28
JTYBX,1.28
JIJSX,0.75
JIRBX,0.74
JIBBX,0.75
JIYBX,0.75
JSRAX,0.73
JSRCX,0.74
JSRSX,0.74
JSIZX,0.74
JSIIX,0.74
JSIYX,0.74
JIVAX,0.85
JIVCX,0.85
JPIVX,0.85
JIVZX,0.85
JIVRX,0.85
JIVMX,0.85
JIGAX,1.1
JCICX,1.1
JPGSX,1.1
JIGZX,1.1
JGIRX,1.1
JLCAX,0.96
JLPCX,0.96
JLPSX,0.96
JLPZX,0.96
JCPRX,0.96
JICAX,1.02
JICCX,1.02
JIISX,1.02
VGRIX,0.79
VGICX,0.79
VGIIX,0.8
JVAAX,0.81
JVACX,0.81
JVASX,0.81
JVAIX,0.81
GAVAX,0.67
GAVIX,0.66
KGGAX,0.78
KGGIX,0.78
KGIIX,0.72
LBFAX,0.96
LSBDX,0.96
LSBNX,0.96
LSBRX,0.96
LSFIX,0.94
LGMAX,1.34
LGMCX,1.34
LSWWX,1.34
LGRRX,1.17
LGRCX,1.17
LGRNX,1.17
LSGRX,1.17
LSHIX,0.97
LSSIX,0.94
LSSNX,0.94
LCGRX,0.94
LSVAX,0.95
LSSCX,0.95
LSCNX,0.95
LSCRX,0.95
LSMIX,1.0
NEFZX,1.0
NEZAX,1.0
NECZX,1.0
NEZNX,0.99
NEZYX,1.0
LYRIX,1.11
LYRBX,1.11
MINAX,1.11
MINYX,1.11
MNVAX,0.94
MNVRX,0.94
MBNAX,0.87
MBNBX,0.86
MBACX,0.86
MBAIX,0.87
MBINX,0.86
MBNRX,0.86
MBCRX,0.86
MBDRX,0.86
MCKAX,0.81
MCKBX,0.8
MCKCX,0.8
MCKIX,0.81
MCKNX,0.81
EPSPX,0.83
EPSKX,0.82
EPSYX,0.83
EPSIX,0.83
EPSZX,0.83
EPSRX,0.83
ICEVX,1.02
ICEWX,1.02
ICEUX,1.02
ICELX,1.02
ICETX,1.02
ICEYX,1.02
ICEZX,1.02
EPLPX,0.76
EPLKX,0.76
EPLCX,0.76
EPLIX,0.76
MGDAX,1.15
MGDBX,1.15
MGDCX,1.15
MGDIX,1.15
MGDNX,1.15
MTRAX,1.02
MKTRX,1.02
MCTRX,1.02
MTOIX,1.02
MTINX,1.02
MTXRX,1.02
MMRAX,0.98
MMRBX,0.98
MMRCX,0.98
MMRIX,0.98
MMRDX,0.99
MSXAX,1.0
MSPIX,1.0
MYSPX,1.0
MLAAX,1.17
MLABX,1.16
MLACX,1.16
MLAIX,1.16
MLINX,1.16
MLRRX,1.16
MLRTX,1.16
MLGRX,1.16
MLRSX,1.16
MSOAX,0.97
MOPBX,0.97
MGOCX,0.97
MSOIX,0.97
MCSSX,0.97
MOPRX,1.03
MOTRX,1.03
MAPAX,0.82
MAPBX,0.82
MMPCX,0.82
MUBFX,0.82
MSMIX,0.82
MAPRX,0.82
MPRRX,0.82
MMAPX,0.82
MDFSX,0.8
MNRIX,1.12
MFOCX,1.08
MGLBX,1.12
MIOFX,1.13
MXXIX,1.06
MAVFX,1.0
MAAGX,1.31
MBAGX,1.31
MCAGX,1.31
MIAGX,1.31
MAAFX,1.31
MAWAX,1.31
MAAHX,1.31
MAALX,1.32
MUEAX,0.97
MUSBX,0.97
MUECX,0.97
MUSEX,0.97
MUERX,0.97
MUESX,0.97
MUETX,0.97
MUEUX,0.97
MUEVX,0.97
MRGAX,0.95
MRGBX,0.95
MRGCX,0.95
MRGRX,0.95
MRGGX,0.95
MRERX,0.95
MRGHX,0.95
MRGJX,0.95
MRGKX,0.95
DIFAX,0.8
DIFCX,0.81
DIFIX,0.8
DIFDX,0.8
DIFEX,0.8
DIFFX,0.8
DIFGX,0.81
DIFHX,0.8
MEMAX,1.02
MEMBX,1.02
MEMCX,1.02
MEMIX,1.02
MEMRX,1.02
MEMFX,1.02
MEMGX,1.02
MEMHX,1.02
MEMJX,1.02
EQNAX,0.89
EQNBX,0.89
EQNCX,0.89
EQNIX,0.89
EQNRX,0.89
EQNSX,0.89
EQNTX,0.89
EQNUX,0.89
EQNVX,0.89
MWEFX,1.08
MWEBX,1.08
MWECX,1.08
MWEIX,1.08
MWEGX,1.08
MEQRX,1.08
MWEHX,1.08
MWELX,1.08
MWEMX,1.08
MWOFX,1.05
MWOBX,1.05
MWOCX,1.05
MWOIX,1.05
MWOGX,1.05
MGWRX,1.05
MWOHX,1.05
MWOJX,1.05
MWOKX,1.05
GLNAX,1.13
GLNBX,1.13
GLNCX,1.13
GLNIX,1.13
GLNJX,1.13
GLNKX,1.13
GLNLX,1.13
GLNMX,1.13
GLNNX,1.14
MGLAX,1.11
MGLDX,1.11
MGLCX,1.11
MGLIX,1.11
MGLJX,1.11
MGLKX,1.11
MGLLX,1.11
MGLMX,1.11
MGLRX,1.11
MFEGX,1.09
MEGBX,1.09
MFECX,1.09
MFEIX,1.09
MFELX,1.09
MEGRX,1.09
MFEHX,1.09
MFEJX,1.09
MFEKX,1.09
MIEIX,1.01
MGRAX,0.99
MGRBX,0.99
MGRCX,0.99
MQGIX,0.99
MGRRX,0.99
MGRQX,0.99
MGRTX,0.99
MGRVX,0.99
MGRDX,0.99
MINRX,0.98
MINFX,0.98
MINGX,0.98
MINHX,0.98
MINJX,0.98
MIDAX,0.94
MIDBX,0.94
MIDCX,0.94
MWNIX,0.94
MIDGX,0.94
MIDRX,0.94
MIDHX,0.94
MIDJX,0.94
MIDLX,0.94
MDIDX,0.99
MDIFX,0.99
MDIGX,0.99
MDIJX,0.99
MDIOX,0.99
MDIKX,0.99
MDIHX,0.99
MDITX,0.99
MLFAX,1.2
MLFBX,1.2
MLFCX,1.2
MLFIX,1.2
MLFEX,1.2
MLFGX,1.2
MLFHX,1.2
MLFJX,1.2
LTMAX,1.25
LTMBX,1.25
LTMDX,1.25
LTMKX,1.25
LTMRX,1.25
LTMSX,1.25
LTMTX,1.25
LTMUX,1.25
MFFSX,1.27
MFFRX,1.27
MFFDX,1.27
MFFIX,1.27
MFFMX,1.27
MFFNX,1.27
MFFOX,1.28
MFFPX,1.27
LFIAX,1.27
LFIBX,1.27
LFICX,1.27
LFIIX,1.27
LFIRX,1.27
LFISX,1.27
LFITX,1.27
LFIUX,1.27
MLVAX,0.79
MLVBX,0.79
MLVGX,0.79
MLVHX,0.79
MLVMX,0.79
MLVOX,0.79
MLVPX,0.79
MLVRX,0.78
MLVTX,0.79
MVGAX,0.73
MVGBX,0.72
MVGCX,0.72
MVGIX,0.73
MVGJX,0.72
MVGKX,0.72
MVGLX,0.73
MVGMX,0.72
MVGNX,0.73
MNWAX,0.12
MNWBX,0.12
MNWCX,0.12
MNWIX,0.12
MNWRX,0.12
MNWSX,0.12
MNWTX,0.12
MNWUX,0.12
MIGFX,1.01
MIGBX,1.01
MIGDX,1.01
MGTIX,1.02
MIGMX,1.01
MIRGX,1.01
MIGHX,1.01
MIGKX,1.02
MIGNX,1.01
MITTX,0.93
MITBX,0.93
MITCX,0.93
MITIX,0.93
MITGX,0.93
MIRTX,0.93
MITHX,0.93
MITDX,0.93
MITJX,0.93
OTCAX,1.07
OTCBX,1.07
OTCCX,1.07
OTCIX,1.07
OTCGX,1.07
MCPRX,1.07
OTCHX,1.07
OTCJX,1.07
OTCKX,1.07
MVCKX,0.93
MNDAX,1.03
MNDBX,1.03
MNDCX,1.03
MNDIX,1.03
MNDGX,1.02
MNDRX,1.02
MNDHX,1.02
MNDJX,1.03
MNDKX,1.03
NDVAX,0.98
NDVBX,0.98
NDVCX,0.98
NDVIX,0.98
NDVRX,0.98
NDVSX,0.98
NDVTX,0.98
NDVUX,0.98
NDVVX,0.98
MFRFX,0.95
MFRBX,0.95
MFRCX,0.95
MRFIX,0.95
MRSAX,1.01
MRIBX,1.01
MRICX,1.01
MRSIX,1.01
MRSGX,1.01
MRSRX,1.01
MRSHX,1.01
MRSJX,1.01
MRSKX,1.01
MFRLX,0.95
MSRRX,0.95
MFRHX,0.95
MFRJX,0.95
MFRKX,0.95
MTCAX,1.19
MTCBX,1.19
MTCCX,1.19
MTCIX,1.19
MTCKX,1.19
MTERX,1.19
MTCHX,1.19
MTCJX,1.19
MTCLX,1.19
MSFRX,0.92
MTRBX,0.92
MTRCX,0.92
MTRIX,0.92
MSFFX,0.92
MTRRX,0.92
MSFHX,0.92
MSFJX,0.92
MSFKX,0.92
MEIAX,0.83
MFEBX,0.83
MEICX,0.83
MEIIX,0.83
MEIGX,0.83
MVRRX,0.83
MEIHX,0.83
MEIJX,0.83
MEIKX,0.83
MHEFX,1.27
MHESX,1.31
MHELX,1.46
MIDSX,1.01
NWFAX,0.97
NWHDX,0.99
NWHEX,0.99
NWHHX,0.99
NWHFX,0.99
NWHGX,0.99
NWHOX,1.28
NWHPX,1.28
NWHUX,1.28
NWHQX,1.28
NWHTX,1.28
NWAMX,0.84
GTRCX,0.97
NWWRX,1.37
NWWVX,1.38
NWWTX,1.38
NWWUX,1.37
MUIFX,0.97
NDCAX,0.54
NDCCX,0.54
NWWLX,0.54
GCFRX,0.54
GIMCX,0.54
NDCSX,0.54
NADMX,1.0
NCDMX,1.0
NADCX,0.77
NCDCX,0.78
NWWKX,0.78
GMMRX,0.77
GMIMX,0.78
NSDCX,0.77
NWWJX,1.0
GMDRX,1.0
GMDIX,1.0
NSDMX,1.0
NWAGX,1.17
NWAHX,1.17
GMXAX,1.04
GMCCX,1.03
GMXRX,1.03
GMXIX,1.04
GNWRX,0.97
GRMAX,1.0
GRMCX,1.0
GRISX,1.0
GRMRX,1.0
GRMIX,1.0
GRMSX,1.0
NWSAX,0.98
NWSIX,0.98
NWGPX,0.9
NWGQX,0.9
NWGSX,0.9
NWKEX,0.9
NRFAX,1.09
NRCFX,1.09
NRFNX,1.09
NRFYX,1.09
VNVAX,0.86
VNVCX,0.86
VNVNX,0.86
VNVYX,0.86
VNSAX,0.96
VNSCX,0.96
VNSYX,0.96
NEFJX,0.96
NEJCX,0.96
NEJYX,0.96
NEMAX,0.93
NEMCX,0.93
NEMIX,0.93
NEMRX,0.93
NREMX,0.93
NFAAX,1.1
NBFAX,1.1
NFACX,1.1
NFALX,1.1
NBSSX,1.1
NBFCX,1.1
NIQAX,1.03
NIQCX,1.02
NBIIX,1.02
NIQVX,1.02
NRIQX,1.03
NIQTX,1.03
NBNAX,1.02
NBNCX,1.02
NILIX,1.02
NBNRX,1.02
NILTX,1.02
NINAX,1.01
NINCX,1.01
NINLX,1.01
NGDAX,0.95
NBGUX,0.94
NGDCX,0.94
NGDLX,0.95
NGUAX,0.95
NGDRX,0.95
NBGTX,0.94
NLSAX,0.36
NLSCX,0.36
NLSIX,0.36
NBRAX,0.94
NBRCX,0.94
NBRTX,0.94
NBRVX,0.94
NBRRX,0.94
NBREX,0.94
NMGAX,1.03
NBMBX,1.02
NMGCX,1.03
NBMLX,1.03
NMANX,1.03
NMGRX,1.03
NRMGX,1.03
NBMTX,1.03
NREAX,1.12
NRECX,1.12
NBRIX,1.13
NRERX,1.13
NRREX,1.13
NBRFX,1.13
NSNAX,0.96
NBMVX,0.96
NSNCX,0.96
NBSMX,0.96
NBMIX,0.96
NSNRX,0.95
NBMOX,0.96
NRAAX,0.94
NRACX,0.94
NBSLX,0.94
NBSRX,0.94
NRARX,0.94
NRSRX,0.94
NBSTX,0.94
NSBAX,0.88
NSBCX,0.88
NSBRX,0.88
NSBFX,0.88
FFEFX,0.86
NUGAX,0.91
NUGCX,0.9
NUGIX,0.9
NQGAX,0.86
NQGCX,0.86
NQGIX,0.86
NUIAX,0.86
NUICX,0.86
NUIIX,0.86
NAIGX,1.01
NCIGX,1.01
NGRRX,1.01
NQCAX,0.83
NQCCX,0.83
NQCRX,0.82
FMEFX,1.07
NQVAX,0.84
NQVCX,0.84
NQVRX,0.84
NRIAX,0.96
NRICX,0.96
NRIIX,0.96
FREAX,1.09
FRLCX,1.09
FARCX,1.09
FREGX,1.09
NSCAX,0.87
NSCCX,0.87
NSCRX,0.87
NSCFX,0.87
NWCAX,1.19
NWCCX,1.19
NVLIX,1.19
NWCFX,1.19
OCMAX,0.97
OCMGX,0.97
PAPPX,1.04
PVIVX,1.13
PFSLX,1.16
PVFAX,1.06
EAPDX,0.79
EIPDX,0.79
EAEMX,0.84
ECEMX,0.84
EIEMX,0.84
EREMX,0.84
PRILX,0.97
PRBLX,0.97
PARMX,1.01
PFPRX,1.13
PARNX,1.13
PFPMX,1.01
PFPWX,0.96
PARWX,0.96
PYVSX,0.76
PIBAX,1.01
PABCX,1.01
PALRX,1.01
PABFX,1.01
PGRQX,1.1
PBQAX,1.02
PRECX,1.01
PEQZX,1.02
TBDAX,1.17
TBDCX,1.17
PDEAX,0.77
PDECX,0.77
PDEZX,0.77
PDEQX,0.77
PFSAX,1.2
PUFCX,1.19
PSSRX,1.2
PFSZX,1.2
SPFAX,1.19
SPFCX,1.19
PSGQX,1.19
SPFZX,1.19
PJIAX,0.84
PJGCX,0.84
PJORX,0.84
PJOQX,0.84
PJGZX,0.84
PGJAX,0.85
PGJCX,0.85
PGJZX,0.85
PRJAX,1.22
PRJCX,1.22
PRJQX,1.22
PRJZX,1.22
PJFAX,1.18
PJFCX,1.18
PJGRX,1.18
PJFZX,1.18
PHLAX,0.67
PHLCX,0.67
PJHRX,0.67
PHSZX,0.66
PWJAX,1.14
PWJCX,1.14
PWJZX,1.14
PEEAX,1.07
PEGCX,1.07
JDERX,1.07
PJGQX,1.07
PEGZX,1.07
PRPAX,0.62
PRPCX,0.62
PRPZX,0.62
PGNAX,0.98
PNRCX,0.98
JNRRX,0.98
PJNQX,0.98
PNRZX,0.98
PJDAX,0.72
PJDCX,0.72
PJDZX,0.72
PGOAX,0.99
PSCCX,0.99
JSCRX,0.99
PJSQX,0.99
PSCZX,0.99
PRUAX,0.75
PCUFX,0.75
JDURX,0.75
PRUZX,0.75
PBEAX,0.83
PEICX,0.83
JDVRX,0.83
PJVQX,0.83
PEIZX,0.83
PJRAX,1.04
PJRCX,1.04
PJIZX,1.05
SUVAX,0.92
SUVCX,0.92
PRVRX,0.92
SUVZX,0.92
SDVRX,1.04
TSVAX,1.04
TRACX,1.04
TSVQX,1.04
PUDQX,0.82
PRKAX,1.0
PRKCX,0.99
PRKZX,1.0
SREAX,1.06
SRECX,1.06
SREQX,1.06
SREZX,1.06
PJEAX,1.15
PJECX,1.15
PJEZX,1.15
PIODX,1.05
AOBLX,0.99
PCBCX,0.99
CBPRX,0.98
AYBLX,0.99
PCODX,1.05
PIOTX,0.98
PCOTX,0.98
PVFYX,0.98
PINDX,1.08
INDCX,1.08
INYDX,1.08
CVFCX,0.91
CVCFX,0.91
CVRFX,0.91
CVFYX,0.91
PEQIX,0.85
PCEQX,0.85
PEQKX,0.85
PQIRX,0.85
PYEQX,0.85
MUARX,1.0
PIGFX,1.05
FUNCX,1.05
PFGKX,1.05
PFGRX,1.05
FUNYX,1.05
GLOSX,0.94
GCSLX,0.94
PGEKX,0.94
PRGEX,0.94
PGSYX,0.94
PIIFX,1.05
PCITX,1.05
INVYX,1.05
PCGRX,0.96
PCCGX,0.96
PMCKX,0.96
PCMRX,0.96
PYCGX,0.96
PMAIX,0.62
PMACX,0.62
PMFKX,0.62
PMFRX,0.62
PMFYX,0.62
PIORX,1.05
BALRX,0.82
PYODX,1.05
PBLAX,1.18
PBLCX,1.18
PBCKX,1.18
PGBAX,0.81
PGDCX,0.81
PGDIX,0.81
PRWLX,0.99
PIIIX,0.99
PIIJX,0.99
PDVIX,0.99
PINRX,0.99
PINLX,0.99
PINPX,0.99
PRDAX,0.97
PDRDX,0.98
PDARX,0.97
PQIAX,0.92
PEUCX,0.92
PEIIX,0.92
PIEMX,0.92
PEIOX,0.92
PEIPX,0.92
PEIQX,0.92
PMSAX,0.26
PSMIX,0.26
PIDIX,1.05
PILIX,1.05
PIIOX,1.05
PIIPX,1.05
PIIQX,1.05
PINIX,1.06
PPISX,1.06
PRPPX,1.06
PUPPX,1.06
PTPPX,1.06
PISMX,1.05
PLSAX,1.0
PLFIX,1.0
PSPJX,1.0
PLPIX,1.0
PLFMX,1.0
PLFSX,1.0
PLFPX,1.0
PLVIX,0.89
PLVJX,0.89
PESAX,0.89
PPSFX,0.89
PPSSX,0.89
PPSRX,0.89
PLGAX,1.14
PLGIX,1.14
PLGJX,1.14
PCRSX,1.14
PPUMX,1.14
PPUSX,1.14
PPUPX,1.14
PLCGX,1.14
LTINX,0.76
LTSGX,0.77
LTAPX,0.77
LTSLX,0.76
LTPFX,0.76
PTBAX,0.84
PLWIX,0.84
PLFJX,0.84
PWASX,0.84
PTBMX,0.84
PTBSX,0.84
PTBPX,0.84
LTSTX,0.93
LTSNX,0.93
LTVPX,0.93
LTEEX,0.94
LTPDX,0.94
PTCAX,1.04
PMTIX,1.05
PLTJX,1.05
PXASX,1.05
PTCMX,1.05
PTCSX,1.05
PTCPX,1.05
LTIUX,1.13
LTANX,1.13
LTAOX,1.14
LTSEX,1.14
LTPEX,1.13
PTDAX,1.23
PTDIX,1.23
PTDJX,1.23
PYASX,1.22
PTDMX,1.23
PTDSX,1.23
PTDPX,1.23
LTRIX,1.3
LTRGX,1.3
LTRVX,1.3
LTRLX,1.3
LTRDX,1.3
PPEAX,1.34
PPLIX,1.34
PFLJX,1.34
PZASX,1.34
PTERX,1.34
PTESX,1.34
PTEFX,1.34
LTFIX,1.34
LTFGX,1.35
LTFDX,1.35
LTFLX,1.35
LTFPX,1.35
PLTZX,1.35
PLTAX,1.35
PLTRX,1.34
PLTCX,1.35
PLTMX,1.35
PLTOX,1.35
PHTMX,0.76
PLRRX,0.76
PHTTX,0.84
PLTTX,0.84
PHTQX,0.92
PLFTX,0.93
PHTNX,1.04
PLZTX,1.04
PHTJX,1.13
PLRTX,1.12
PLTQX,1.22
PLMTX,1.22
PHTYX,1.28
PLNTX,1.28
PHTUX,1.33
PLJTX,1.32
PLTNX,1.33
PLHTX,1.33
PLTHX,1.34
PLKTX,1.34
PHTFX,0.71
PLTYX,0.71
PALTX,0.71
PLSIX,0.71
PLSJX,0.71
PLAIX,0.71
PLSMX,0.71
PLSSX,0.71
PLSPX,0.71
PEMGX,1.12
PMBCX,1.12
PCBIX,1.12
PMBJX,1.12
PMSBX,1.12
PMBMX,1.12
PMBSX,1.12
PMBPX,1.12
MPSIX,1.03
PMFJX,1.03
PMSSX,1.03
PMFMX,1.03
PMFSX,1.03
PMFPX,1.03
PVMIX,0.92
PVEJX,0.92
PLASX,0.92
PMPRX,0.92
PABWX,0.92
PABVX,0.92
POEYX,1.02
POEIX,1.02
POEFX,1.02
PRRAX,1.07
PRCEX,1.07
PIREX,1.07
PREJX,1.07
PRAEX,1.07
PRERX,1.07
PRETX,1.07
PREPX,1.07
SABPX,1.04
SCBPX,1.04
PSBIX,1.04
PSAJX,1.04
PSBGX,1.04
PBAPX,1.04
PSBLX,1.04
PSBFX,1.04
SAIPX,0.85
SCIPX,0.85
PCCIX,0.85
PCBJX,0.85
PCSSX,0.85
PCBPX,0.85
PCBLX,0.84
PCBFX,0.85
SAGPX,1.23
SCGPX,1.23
PCWIX,1.23
PCGJX,1.23
PCGGX,1.22
PCGPX,1.23
PCWSX,1.23
PCWPX,1.23
SAUPX,0.7
SCUPX,0.7
PIFIX,0.7
PFIJX,0.7
PFIGX,0.7
PFIPX,0.7
PFILX,0.7
PFIFX,0.7
SACAX,1.35
SWHCX,1.35
PSWIX,1.35
PSWJX,1.35
PSGGX,1.35
PSGPX,1.35
PSGLX,1.35
PSGFX,1.35
PMDAX,0.98
PMDDX,0.98
PMDIX,0.98
PSSIX,0.99
PSSJX,0.99
PSAPX,0.99
PSSMX,0.99
PSSSX,0.99
PSSPX,0.99
RSRFX,0.91
RHJSX,1.01
RHJMX,0.93
RPXIX,1.37
RPXFX,1.37
RLSIX,1.25
RLSFX,1.25
RSQAX,0.84
REQSX,0.84
RLISX,0.84
RGIAX,0.89
RGCIX,0.88
RGISX,0.88
RGIYX,0.89
RMYAX,0.91
RMYCX,0.9
RMYSX,0.9
RMYYX,0.9
RTITX,1.05
RTISX,1.05
RTIYX,1.05
RTDTX,0.98
RTDSX,0.98
RTDYX,0.98
REQAX,0.95
REQCX,0.95
REQTX,0.95
REUYX,0.95
RTNAX,1.1
RTNCX,1.1
RTNSX,1.1
RTLAX,0.98
RTLCX,0.98
RETSX,0.98
RTSAX,1.03
RTSCX,1.03
RTSSX,1.03
RYBKX,1.06
RYKCX,1.06
RYKAX,1.06
RYKIX,1.06
RYBMX,1.24
RYBCX,1.24
RYBAX,1.24
RYBIX,1.24
RYBOX,0.7
RYCFX,0.7
RYOAX,0.7
RYOIX,0.7
RYPDX,0.63
RYCPX,0.63
RYCAX,0.63
RYCIX,0.63
RYLDX,1.77
RYCYX,1.77
RYCVX,1.77
RYELX,1.57
RYSCX,1.57
RYSAX,1.57
RYSIX,1.57
RYWTX,1.52
RYWUX,1.52
RYWVX,1.52
RYENX,0.84
RYECX,0.84
RYEAX,0.84
RYEIX,0.84
RYESX,1.13
RYVCX,1.13
RYVAX,1.13
RYVIX,1.13
RYAEX,1.21
RYCEX,1.21
RYEUX,1.21
RYFNX,1.13
RYFCX,1.13
RYFAX,1.13
RYFIX,1.13
RYINX,1.25
RYICX,1.25
RYIAX,1.25
RYIIX,1.25
RYLSX,1.22
RYLCX,1.21
RYLAX,1.22
RYLIX,1.21
RYVLX,2.33
RYCCX,2.33
RYVYX,2.33
RYATX,1.17
RYCOX,1.17
RYHOX,1.17
RYOCX,1.17
RYANX,1.51
RYNCX,1.5
RYNHX,1.51
RYNVX,1.51
RYMNX,1.12
RYZCX,1.12
RYMPX,1.12
RYPMX,1.12
RYREX,1.2
RYCRX,1.2
RYHRX,1.2
RYRTX,1.11
RYRCX,1.11
RYRAX,1.11
RYRIX,1.11
RYTTX,2.0
RYCTX,2.0
RYTNX,2.0
RYSOX,1.0
RYSYX,1.0
RYSPX,1.0
RYLGX,1.1
RYGRX,1.1
RYAWX,1.1
RYLVX,0.93
RYVVX,0.93
RYZAX,0.93
RYMGX,1.04
RYCKX,1.04
RYBHX,1.04
RYMVX,1.11
RYMMX,1.11
RYAVX,1.11
RYSGX,1.08
RYWCX,1.08
RYWAX,1.08
RYTHX,1.26
RYCHX,1.26
RYTAX,1.26
RYTIX,1.26
RYTLX,0.95
RYCSX,0.95
RYMAX,0.95
RYMIX,0.95
RYTSX,1.38
RYCNX,1.38
RYPAX,1.38
RYPIX,1.38
RYUTX,0.77
RYCUX,0.77
RYAUX,0.77
RYUIX,0.77
SAEMX,0.91
SAREX,1.14
SAUMX,0.98
SABTX,0.88
SAWMX,0.93
RCMFX,0.89
SDYAX,0.98
SDYYX,0.98
SVTAX,0.65
SGMIX,0.65
SGLYX,0.65
SLGAX,0.97
SELCX,1.09
SPGIX,1.09
TRMVX,0.84
SEUIX,0.84
SLYCX,0.98
SEMCX,0.95
SIPIX,0.95
SAAAX,0.96
SMOYX,0.96
SMLYX,0.22
SETAX,1.14
SEIRX,1.14
SREYX,1.14
SPINX,1.0
SSPIX,1.0
SPIIX,1.0
SLLAX,0.95
SSCGX,0.99
SPWIX,0.99
SESVX,1.0
SMVIX,1.0
SMYFX,0.94
TMLCX,0.95
STLYX,0.95
TMMAX,0.67
STVYX,0.67
STMSX,0.94
STMPX,0.94
SVOAX,0.67
SEVIX,0.67
SUSYX,0.67
SSCDX,1.06
SDFSX,1.07
SMILX,0.83
SMIFX,0.72
SOAEX,0.7
SSSVX,1.0
SSSWX,1.0
SSSYX,1.0
SSGHX,1.04
SSGJX,1.04
SSGLX,1.04
SIVIX,0.97
SSQSX,0.97
SUSIX,0.97
SUSSX,0.97
SSILX,1.07
SSIPX,1.06
SSIQX,1.06
SSAIX,1.06
SSBNX,0.79
SSBOX,0.79
SSBWX,1.08
SSBYX,1.08
SSCNX,1.22
SSCQX,1.23
SSDDX,1.27
SSDEX,1.27
SSDJX,1.3
SSDLX,1.31
SSDOX,1.31
SSDQX,1.31
SSDWX,1.31
SSDYX,1.31
SSFNX,0.71
SSFOX,0.71
SSAQX,0.97
BBTGX,0.84
BCVCX,0.84
BBISX,0.84
SPSAX,1.0
SPSDX,1.0
SPSCX,1.0
SBIAX,1.02
SBIDX,1.01
SBIIX,1.02
OVEAX,0.89
OVECX,0.89
OVEIX,0.89
STMDX,1.14
STSCX,0.99
FSAMX,1.0
FUSIX,1.02
FILFX,1.02
FALCX,0.98
GGEFX,1.03
TGPCX,0.81
TGPNX,0.82
TGMAX,0.72
TGMEX,0.72
TGREX,1.09
TGRYX,1.09
TGDFX,0.91
TGIGX,0.91
TGDIX,0.94
TGDVX,0.95
TGVOX,0.99
TGVNX,0.99
TGCEX,1.17
TGCNX,1.17
TIHGX,1.23
TGVAX,1.03
THGCX,1.03
TGVIX,1.03
TGVRX,1.03
THVRX,1.03
TIVRX,1.03
TGIRX,1.03
TIBAX,0.95
TIBCX,0.95
TIBIX,0.96
TIBRX,0.96
TIBGX,0.95
TIBMX,0.95
TAAAX,1.28
TAAIX,1.28
AABFX,0.82
IBBFX,0.82
AAHYX,0.67
THYFX,0.67
AALGX,1.04
IILGX,1.04
TWAAX,1.05
TWAIX,1.04
THMAX,1.01
TMAIX,1.01
TCAAX,0.81
TCAIX,0.81
AAINX,0.79
IIINX,0.78
TEQLX,1.0
TEQPX,0.99
TEQKX,0.99
TEQSX,0.99
TCTIX,0.7
TCTPX,0.7
TCLEX,0.7
TCNIX,0.74
TCFPX,0.74
TCLIX,0.74
TCWIX,0.79
TCWPX,0.8
TCLTX,0.79
TCYIX,0.87
TCQPX,0.87
TCLFX,0.87
TCRIX,0.96
TCHPX,0.96
TCLNX,0.96
TCIIX,1.06
TCYPX,1.05
TCLRX,1.05
TCOIX,1.14
TCZPX,1.14
TCLOX,1.14
TTFIX,1.22
TTFPX,1.22
TTFRX,1.22
TFTIX,1.25
TCLPX,1.25
TLFRX,1.25
TTRIX,1.26
TTRPX,1.26
TTRLX,1.26
TLXNX,1.27
TLXPX,1.27
TLXRX,1.27
TLTIX,0.74
TLTPX,0.74
TLTRX,0.74
TLFIX,0.8
TLFPX,0.8
TLGRX,0.8
TLWIX,0.86
TLWPX,0.86
TLWRX,0.86
TLQIX,0.93
TLVPX,0.93
TLQRX,0.92
TLHIX,1.01
TLHPX,1.01
TLHRX,1.01
TLYIX,1.1
TLYPX,1.1
TLYRX,1.1
TLZIX,1.18
TLPRX,1.18
TLZRX,1.18
TLXIX,1.25
TLMPX,1.25
TLMRX,1.24
TLLIX,1.27
TLLPX,1.27
TLLRX,1.27
TTIIX,1.28
TTIPX,1.28
TTIRX,1.28
TVIIX,1.29
TVIPX,1.29
TVITX,1.3
TRILX,0.77
TLIPX,0.77
TRCIX,0.77
TLRIX,0.71
TPILX,0.71
TLRRX,0.71
TLIRX,0.71
TSAIX,1.36
TSAPX,1.36
TSALX,1.36
TSARX,1.36
TCSIX,0.76
TLSPX,0.76
TSCLX,0.76
TSCTX,0.76
TSGGX,1.18
TSGPX,1.19
TSGLX,1.19
TSGRX,1.19
TSITX,0.51
TSIPX,0.51
TSILX,0.51
TLSRX,0.51
TSIMX,1.01
TSMPX,1.02
TSMLX,1.01
TSMTX,1.02
TIMIX,1.01
TITRX,1.01
TIMRX,1.01
TISBX,1.01
TRBIX,1.01
PORIX,1.09
PORTX,1.09
TSMDX,0.96
UBVAX,0.93
UBVCX,0.93
UBVSX,0.93
UBVLX,0.93
UBVRX,0.93
UBVFX,0.93
VLAGX,1.11
VCAAX,0.99
VGCLX,0.78
VCIGX,0.8
VDAFX,0.91
VGLSX,0.98
VCIEX,1.04
VCSOX,1.07
VMIDX,1.04
VLSMX,0.96
VCNIX,1.17
VCSLX,1.01
VCBCX,1.15
VCDAX,1.28
VCSAX,0.62
VDIPX,1.09
VDVIX,1.09
VDADX,0.86
VENAX,0.74
VFTNX,1.05
VGRLX,0.91
VGRNX,0.91
VINAX,1.11
VITAX,1.24
VMIAX,1.22
VSPVX,0.89
VSMVX,0.99
VTCLX,1.01
VTCIX,1.01
VSMPX,1.01
VUIAX,0.76
VILLX,1.24
VLEQX,1.06
SVIIX,0.94
SVIFX,0.94
STVTX,0.94
STVZX,0.94
SAMVX,0.95
SMVFX,0.95
SMVTX,0.95
SMVZX,0.95
SASVX,0.97
STCEX,0.97
SCETX,0.98
PNEAX,1.03
ANDAX,1.03
PNECX,1.03
NFJEX,1.04
ADJPX,1.04
ANDVX,1.03
PCVAX,1.07
PVADX,1.07
PCVCX,1.07
PSVIX,1.07
ASVPX,1.07
ANFVX,1.07
SCIIX,1.02
STITX,1.02
SCIZX,1.03
STCIX,1.15
STCAX,1.15
STCZX,1.15
RWGIX,1.05
RWGFX,1.05
WBSIX,1.0
WBSNX,1.0
WRAAX,0.31
WRAIX,0.31
WMMRX,0.95
WMRIX,0.95
